name,category,year,basePrice,image
Tharun Guguloth,Bowler,1,0.5,https://res.cloudinary.com/dw3lm8vql/image/upload/v1759317706/Tharun_Guguloth_page-0001_xfzcij.jpg
Ade Mahendar Singh Dhoni,Batsman,1,0.5,https://res.cloudinary.com/dw3lm8vql/image/upload/v1759314371/IMG-20250504-WA0028_-_Dhoni_Ade_jrz2sv.jpg
Nenavath Ajay,All-Rounder,1,0.5,https://res.cloudinary.com/dw3lm8vql/image/upload/v1759314395/IMG_3842_-_Nenavath_Ajay_mqcpvs.jpg
Ganesh,Batsman,1,0.5,https://res.cloudinary.com/dw3lm8vql/image/upload/v1759314356/1747129046574_-_D._Ganesh_zx1fql.jpg
Sai Preetham Padala,All-Rounder,1,0.5,https://res.cloudinary.com/dw3lm8vql/image/upload/v1759314371/IMG-20250820-WA0001_-_Sai_Preetham_vawak7.jpg
Shankar Rathod,All-Rounder,1,0.5,https://res.cloudinary.com/dw3lm8vql/image/upload/v1759314356/IMG_20250929_201636_-_Shankar_Rathod_kmdlon.jpg
Nithin Nethavath,All-Rounder,1,0.5,https://res.cloudinary.com/dw3lm8vql/image/upload/v1759314354/25eb82a1-5c3b-4606-9286-f25dfaacc065_-_NETHAVATH_NITHIN_bkvf8s.jpg
Gugulothu Dinesh,Bowler,1,0.5,https://res.cloudinary.com/dw3lm8vql/image/upload/v1759314358/BK036682_-_Gugulothu_Dinesh_qozsne.jpg
Vijay,All-Rounder,1,0.5,https://res.cloudinary.com/dw3lm8vql/image/upload/v1759314370/IMG_20250930_080344_-_Vijay_Pathlavath_dojv2r.png
Metta Adithya Vardhan,All-Rounder,1,0.5,https://res.cloudinary.com/dw3lm8vql/image/upload/v1759314404/IMG_20250930_131835_-_Aditya_vardhan_Metta_ywhor9.jpg
Patil Hari Charan Reddy,Batsman,1,0.5,https://res.cloudinary.com/dw3lm8vql/image/upload/v1759314403/IMG_20250912_193855104_1_-_Hari_Charan_Reddy_bgkouv.jpg
Mudavath Varun Chowhan,All-Rounder,1,0.5,https://res.cloudinary.com/dw3lm8vql/image/upload/v1759314384/20250820_112130_-_Varun_Chowhan_tcgobp.jpg
Thota Bhargav Anand,Batsman,1,0.5,https://res.cloudinary.com/dw3lm8vql/image/upload/v1759314415/IMG-20250930-WA0013_-_Bhargav_Anand_Thota_ofhsfd.jpg
Karthikeya,Batsman,1,0.5,https://res.cloudinary.com/dw3lm8vql/image/upload/v1759314415/IMG_20250930_202149_-_Karthikeya_jrlepp.jpg
Kondeboyina Prabhas,Bowler,1,0.5,https://res.cloudinary.com/dw3lm8vql/image/upload/v1759314424/Snapchat-1933628495_-_Prabhas_K_yqhk44.jpg
Karakala Ram Manohar,Wicket-Keeper,1,0.5,https://res.cloudinary.com/dw3lm8vql/image/upload/v1759314416/Screenshot_20250820_105431_-_Ram_Manohar_rliwmf.jpg
Bharath Goud,All-Rounder,2,1.0,https://res.cloudinary.com/dw3lm8vql/image/upload/v1759314354/IMG_2729_-_P._Bharath_goud_prt5sc.jpg
Chennakesavula Pavan Teja,Batsman,2,1.0,https://res.cloudinary.com/dw3lm8vql/image/upload/v1759314378/Screenshot_2025-09-29-09-23-45-96_6012fa4d4ddec268fc5c7112cbb265e7_-_Pavan_Teja_Chennakesavula_zn4dkm.jpg
Janagonda Manjunath,Batsman,2,1.0,https://res.cloudinary.com/dw3lm8vql/image/upload/v1759314371/IMG_20250929_093955_-_Manjunath_efjhmm.jpg
Sabavath Ashok Chowhan,All-Rounder,2,1.0,https://res.cloudinary.com/dw3lm8vql/image/upload/v1759317453/WhatsApp_Image_2025-10-01_at_16.45.13_7a0275bd_y0ty40.jpg
Karthikeya,Bowler,2,1.0,https://res.cloudinary.com/dw3lm8vql/image/upload/v1759314376/IMG-20250929-WA0002_-_karthikeya_gurrapu_eckam0.jpg
Shanmukh,Batsman,2,1.0,https://res.cloudinary.com/dw3lm8vql/image/upload/v1759314370/IMG_20250929_175052_-_Shannu_K_uiqx0x.jpg
Abhishek rathod,Batsman,2,1.0,https://res.cloudinary.com/dw3lm8vql/image/upload/v1759314415/IMG-20250930-WA0010_-_karthikeya_gurrapu_eahwzz.jpg
Mahendar,Batsman,2,1.0,https://res.cloudinary.com/dw3lm8vql/image/upload/v1759314415/IMG-20250930-WA0012_-_karthikeya_gurrapu_krj3fb.jpg
Teja Swaroop,All-Rounder,2,1.0,https://res.cloudinary.com/dw3lm8vql/image/upload/v1759314416/photo_-_Teja_Swaroop_jhe7ev.jpg
Banothu Shreyas,All-Rounder,2,1.0,https://res.cloudinary.com/dw3lm8vql/image/upload/v1759314404/IMG_20250930_170853_-_Shreyas_Nayak_zwg2tu.png
Charan,Batsman,2,1.0,https://res.cloudinary.com/dw3lm8vql/image/upload/v1759314415/IMG_20250930_175459_-_Charan_Puvvala_vb2gmj.jpg
Vishnu Nunnaboina,Batsman,2,1.0,https://res.cloudinary.com/dw3lm8vql/image/upload/v1759314403/IMG_20250916_084825403_2_-_Adi_Lakshmi_xc0vok.jpg
Arjun Badavath,Batsman,2,1.0,https://res.cloudinary.com/dw3lm8vql/image/upload/v1759314417/Screenshot_20251001_113242_Instagram_1_-_Arjun_Badavath_tz4mx8.jpg
Charan Ramana,All-Rounder,2,1.0,https://res.cloudinary.com/dw3lm8vql/image/upload/v1759317866/Charan_Ramana_eywcyn.jpg
Bhukya Siddhu naik,All-Rounder,3,1.5,https://res.cloudinary.com/dw3lm8vql/image/upload/v1759314424/siddhu_naik_-_Siddhu_Bhukya_oszyyj.jpg
Tharun,All-Rounder,3,1.5,https://res.cloudinary.com/dw3lm8vql/image/upload/v1759314379/tharun_-_Katravath_Tharun_u04f2g.jpg
Manoj Dharavath,Batsman,3,1.5,https://res.cloudinary.com/dw3lm8vql/image/upload/v1759314361/IMG_4386_-_Dharavath_Manoj_yyozzh.jpg
Jyothesh,All-Rounder,3,1.5,https://res.cloudinary.com/dw3lm8vql/image/upload/v1759314360/IMG_7944_Original_-_kodem_jyothesh_syumgw.jpg
Anil,Batsman,3,1.5,https://res.cloudinary.com/dw3lm8vql/image/upload/v1759314370/IMG_8391_-_Anil_yzh6b3.jpg
Raghavendra,All-Rounder,3,1.5,https://res.cloudinary.com/dw3lm8vql/image/upload/v1759314384/b23a047c-7e1f-4582-9ec2-7fb87ef2f4b5_-_Guguloth_Raghavendra_oq1yjo.jpg
Yeswanth,Batsman,3,1.5,https://res.cloudinary.com/dw3lm8vql/image/upload/v1759314386/DSC_1343_2_-_Yeswanth_Chitturi_otgxoq.jpg
Vetapalem Sai Udheep,All-Rounder,3,1.5,https://res.cloudinary.com/dw3lm8vql/image/upload/v1759314383/4de22765-6b43-4402-9807-8589a389caca_-_Sai_Pawan_Kumaar_Thota_prgz87.jpg
Akhilesh Nayak,Batsman,3,1.5,https://res.cloudinary.com/dw3lm8vql/image/upload/v1759314403/IMG_20250812_201934_-_Akhilesh_Nayak_caobgb.jpg
Sharath Rathod,All-Rounder,3,1.5,https://res.cloudinary.com/dw3lm8vql/image/upload/v1759314358/DSC_1642_-_sharathrathod_b4bpuh.jpg
Santhosh Kumar,Wicket-Keeper,3,1.5,https://res.cloudinary.com/dw3lm8vql/image/upload/v1759314416/Screenshot_2025-09-30-12-24-13-506_com.whatsapp_-_Santhoshkumar_A_zobpwt.jpg
Sai Pawan Kumaar Thota,Batsman,3,1.5,https://res.cloudinary.com/dw3lm8vql/image/upload/v1759314396/IMG_5721_-_Saipawan_Thota_tiecsi.jpg
Kowsik,Wicket-Keeper,3,1.5,https://res.cloudinary.com/dw3lm8vql/image/upload/v1759314404/IMG_20250930_102220_-_Kowsik_Lalam_ntrim6.jpg
Kanakala Haneesh Krishna Vamsy,Batsman,3,1.5,https://res.cloudinary.com/dw3lm8vql/image/upload/v1759314403/IMG_20250526_145549_-_KANAKALA_HANEESH_KRISHNA_VAMSY_ona3xf.jpg
Jaswanth,Batsman,3,1.5,https://res.cloudinary.com/dw3lm8vql/image/upload/v1759314404/IMG_20250930_163937_-_Sapavath_Jaswanth_mswksz.jpg
Gowtham Nayak,All-Rounder,3,1.5,https://res.cloudinary.com/dw3lm8vql/image/upload/v1759314395/IMG_3883_-_Gowtham_fdbmsp.jpg
Ram Charan,All-Rounder,3,1.5,https://res.cloudinary.com/dw3lm8vql/image/upload/v1759314360/IMG_4681_-_ramcharan_qhcxeo.jpg
Dhanush,All-Rounder,3,1.5,https://res.cloudinary.com/dw3lm8vql/image/upload/v1759314396/IMG_5064_-_Sphinx_2k24day3_lpn8wa.jpg
Tejavath Shashi,Batsman,4,2.0,https://res.cloudinary.com/dw3lm8vql/image/upload/v1759314371/IMG-20250927-WA0002_-_Shashi_Sharath_wxh1zr.jpg
Banavath Vinayak,Batsman,4,2.0,https://res.cloudinary.com/dw3lm8vql/image/upload/v1759314358/IMG_0678_-_Vinayak_Banavath_vfva3u.jpg
Dharavath Vishnu,Batsman,4,2.0,https://res.cloudinary.com/dw3lm8vql/image/upload/v1759314359/IMG_3074_-_Vishnu_Prasad_oldrxd.jpg
Rohith,Batsman,4,2.0,https://res.cloudinary.com/dw3lm8vql/image/upload/v1759314355/IMG_4519_-_ROHITH_BOINI_ydos4p.jpg
Prakash Reddy,All-Rounder,4,2.0,https://res.cloudinary.com/dw3lm8vql/image/upload/v1759314378/IMG-20250930-WA0000_-_Nitya_Prakash_Reddy_Pulagam_ypk7wz.jpg
Siddhartha Reddy Kandula,All-Rounder,4,2.0,https://res.cloudinary.com/dw3lm8vql/image/upload/v1759314397/IMG_7985_-_Copy_-_Siddhartha_Reddy_Kandula_t65hz1.jpg
Narayana Raju,All-Rounder,4,2.0,https://res.cloudinary.com/dw3lm8vql/image/upload/v1759314384/20250330_085036_Original_-_ACHUTH_RAJU_rjham6.jpg
Peddi Sai Preetham,Batsman,4,2.0,https://res.cloudinary.com/dw3lm8vql/image/upload/v1759314403/IMG_20250824_023739_799_-_Sai_Preetham_Peddi_yld5st.webp
Lokesh,Batsman,4,2.0,https://res.cloudinary.com/dw3lm8vql/image/upload/v1759314384/1000080912_2_1_3_-_NUNE_LOKESH_gpqoza.jpg
Santhosh Chauhan,All-Rounder,4,2.0,https://res.cloudinary.com/dw3lm8vql/image/upload/v1759314397/IMG_20240416_120104_-_Santhosh_naik_rx8bet.jpg
Venkat Chowdary,All-Rounder,4,2.0,https://res.cloudinary.com/dw3lm8vql/image/upload/v1759314416/pfp_-_venkat_chowdary_-_venkat_chowdary_vqmuj5.jpg
Rahul,Batsman,4,2.0,https://res.cloudinary.com/dw3lm8vql/image/upload/v1759314358/IMG_1781_-_Rahul_Banoth_wewkud.jpg
Rithwik Reddy,Wicket-Keeper,4,2.0,https://res.cloudinary.com/dw3lm8vql/image/upload/v1759314361/20250330_090109_-_Rithwik_Reddy_-_venkat_chowdary_t1uwp6.jpg
Narendar,All-Rounder,4,2.0,https://res.cloudinary.com/dw3lm8vql/image/upload/v1759314415/IMG-20250420-WA0006_2_-_MALOTHU_NARENDAR_-_Malothu_Narendar_xlqwla.jpg
Meghavath Rahul,All-Rounder,4,2.0,https://res.cloudinary.com/dw3lm8vql/image/upload/v1759314384/cricpic_-_Rahul_Meghavath_fbh7n7.jpg
Bhavani Shankar,All-Rounder,4,2.0,https://res.cloudinary.com/dw3lm8vql/image/upload/v1759314389/IMG_2452_-_Bhavani_Shankar_Daspe_fylgzx.jpg
